YEAR,CONF,TEAM,SEED,ROUND,K TEMPO,K TEMPO RANK,KADJ T,KADJ T RANK,K OFF,KO RANK,KADJ O,KADJ O RANK,K DEF,KD RANK,KADJ D,KADJ D RANK,KADJ EM,KADJ EM RANK,BADJ EM,BADJ O,BADJ D,BARTHAG,GAMES,W,L,WIN%,EFG%,EFG%D,FTR,FTRD,TOV%,TOV%D,OREB%,DREB%,OP OREB%,OP DREB%,RAW T,2PT%,2PT%D,3PT%,3PT%D,BLK%,BLKED%,AST%,OP AST%,2PTR,3PTR,2PTRD,3PTRD,BADJ T,AVG HGT,EFF HGT,EXP,TALENT,FT%,OP FT%,PPPO,PPPD,ELITE SOS,WAB,BADJ EM RANK,BADJ O RANK,BADJ D RANK,BARTHAG RANK,EFG% RANK,EFGD% RANK,FTR RANK,FTRD RANK,TOV% RANK,TOV%D RANK,OREB% RANK,DREB% RANK,OP OREB% RANK,OP DREB% RANK,RAW T RANK,2PT% RANK,2PT%D RANK,3PT% RANK,3PT%D RANK,BLK% RANK,BLKED% RANK,AST% RANK,OP AST% RANK,2PTR RANK,3PTR RANK,2PTRD RANK,3PTRD RANK,BADJT RANK,AVG HGT RANK,EFF HGT RANK,EXP RANK,TALENT RANK,FT% RANK,OP FT% RANK,PPPO RANK,PPPD RANK,ELITE SOS RANK,TeamNameSpelling,TeamID,team_id,season,season_elo,Season,Seed
2024,MAC,akron,14,0,66.7747,274,65.8933,268,107.841,122,107.009,162,99.7096,49,102.072,97,4.93709,116,3.485,105.033,101.548,0.596,32,22,10,68.75,52.0,48.6,33.6,29.0,17.2,16.6,29.5,74.4,25.6,70.5,66.7,54.8,50.7,32.0,30.0,8.0,7.8,48.2,45.4,58.5,41.5,63.2,36.8,65.698,76.791,79.973,2.584,10.97,72.4,69.4,1.079,0.997,11.931,-4.5,131,176,103,131,106,78,155,88,195,206,151,53,53,151,277,31,197,276,14,247,70,236,48,292,71,198,170,276,238,199,19,176,164,47,122,51,249,akron,1103.0,1103,2024,1679.0003847455482,2024,Y14
2024,SEC,alabama,4,0,74.1625,7,72.6461,9,121.712,2,125.601,2,108.031,254,103.118,112,22.4828,13,23.114,125.159,102.045,0.913,32,21,11,65.625,56.3,49.9,35.2,39.6,16.0,15.6,34.9,70.1,29.9,65.1,74.2,57.6,51.1,36.5,31.9,10.2,12.5,51.5,45.1,53.2,46.8,63.3,36.7,72.507,78.211,82.48,2.094,27.836,78.4,74.3,1.213,1.084,36.254,3.4,13,4,119,15,11,149,115,319,107,279,27,220,220,27,7,10,217,41,67,125,349,149,46,345,19,209,164,13,33,8,156,106,10,314,2,263,7,alabama,1104.0,1104,2024,1927.232226323514,2024,X04
2024,P12,arizona,2,0,73.376,11,71.8379,16,117.653,10,121.125,8,96.9086,17,94.5013,12,26.6237,6,27.901,121.52,93.619,0.953,33,25,8,75.75757576,55.0,48.7,36.7,25.7,16.1,18.1,36.3,76.9,23.1,63.7,73.4,54.6,47.8,37.1,33.4,9.0,8.6,59.1,52.6,67.4,32.6,61.8,38.2,72.043,78.063,81.464,1.963,76.342,71.9,71.1,1.178,0.967,29.931,4.9,5,7,12,6,26,81,83,22,112,110,16,7,7,16,11,35,68,23,149,187,124,27,238,69,294,149,219,16,50,37,196,7,195,134,8,14,47,arizona,1112.0,1112,2024,1957.559252652676,2024,X02
2024,SEC,auburn,4,0,70.9629,54,69.7887,58,117.364,14,120.579,10,95.7924,7,91.6765,4,28.9026,4,28.605,120.655,92.05,0.957,34,27,7,79.41176471,54.1,43.4,38.2,41.0,14.9,18.2,32.9,69.7,30.3,67.1,71.0,54.9,42.8,35.2,29.8,16.0,8.6,62.0,42.8,62.5,37.5,66.7,33.3,69.847,77.688,80.951,2.195,43.053,75.2,73.6,1.174,0.959,28.032,5.5,4,10,6,5,43,1,51,332,53,103,63,238,238,63,54,29,1,113,9,3,124,11,25,186,180,312,52,58,86,76,127,69,59,284,12,8,69,auburn,1120.0,1120,2024,1974.9052779394092,2024,W04
2024,B12,baylor,3,0,66.8428,270,65.6032,281,117.262,15,122.49,6,104.166,157,100.185,64,22.305,14,22.309,122.209,99.9,0.91,32,22,10,68.75,55.6,51.3,40.5,30.9,17.7,17.1,35.1,72.9,27.1,64.9,66.8,53.4,51.9,39.4,33.5,8.5,9.8,53.9,52.9,61.7,38.3,64.5,35.5,65.735,78.257,81.747,1.617,58.436,74.0,73.0,1.171,1.042,37.902,5.1,15,6,78,17,16,233,21,132,223,165,25,98,98,25,273,64,249,7,154,216,233,92,246,213,153,254,112,274,31,22,304,34,97,254,15,155,1,baylor,1124.0,1124,2024,1941.036059380026,2024,X03
2024,MWC,boise st.,10,0,66.5978,278,66.807,221,111.088,60,113.974,52,100.831,73,97.5892,29,16.3847,39,16.224,114.026,97.802,0.854,30,20,10,66.66666667,51.6,49.8,36.1,33.1,16.5,16.8,32.5,76.9,23.1,67.5,66.6,51.2,52.1,34.8,30.6,6.9,11.3,46.9,47.5,60.2,39.8,63.1,36.9,66.619,78.325,80.161,2.047,18.982,74.0,72.2,1.106,1.011,27.69,0.9,41,46,36,41,129,142,93,197,152,190,73,7,7,73,279,148,259,137,24,304,316,262,101,251,114,192,176,235,26,171,172,135,97,201,71,81,70,boise st.,1129.0,1129,2024,1786.9427603520369,2024,Z10a
2024,B12,byu,6,0,70.0246,90,69.0581,85,116.926,16,120.486,11,99.9495,53,99.4765,48,21.0091,16,21.656,120.635,98.979,0.907,33,23,10,69.6969697,55.1,48.0,25.3,32.1,15.2,16.0,32.8,75.3,24.7,67.2,70.0,58.0,48.2,34.8,31.8,7.7,7.1,63.2,47.2,49.3,50.7,65.9,34.1,68.967,78.499,81.22,2.232,19.483,73.8,69.8,1.169,0.998,30.879,2.9,17,11,59,18,23,61,348,165,65,255,67,26,26,67,94,8,83,137,60,264,31,8,94,361,2,294,72,90,18,54,116,133,103,62,16,52,39,byu,1140.0,1140,2024,1832.0324665579612,2024,W06
2024,ACC,clemson,6,0,67.5823,233,66.1056,260,113.635,29,117.426,27,104.781,178,100.489,67,16.9371,34,17.379,116.717,99.338,0.865,32,21,11,65.625,53.9,48.7,30.6,31.2,14.9,13.6,27.7,74.8,25.2,72.3,67.6,54.4,47.1,35.4,34.0,11.2,6.8,53.4,44.1,59.8,40.2,59.4,40.6,66.188,78.308,81.541,2.275,64.382,79.0,74.4,1.137,1.048,28.597,0.9,34,27,69,35,45,81,245,139,53,343,220,33,33,220,238,39,50,101,198,73,22,105,37,260,104,76,287,257,28,32,99,18,8,318,29,178,62,clemson,1155.0,1155,2024,1842.7931734831163,2024,X06
2024,Pat,colgate,14,0,66.1152,302,66.2225,253,106.356,151,104.65,211,96.8562,16,102.5,104,2.15009,145,0.445,102.289,101.844,0.513,33,24,9,72.72727273,53.4,47.2,27.6,24.5,16.3,16.1,25.0,75.5,24.5,75.0,66.1,53.3,48.7,35.7,29.9,9.8,7.3,56.6,52.9,61.7,38.3,60.4,39.6,66.194,77.926,81.273,1.902,0.2,68.0,67.0,1.062,0.968,11.19,-4.1,159,226,111,159,55,33,318,13,133,248,298,21,21,298,304,68,102,83,12,151,40,55,246,213,153,102,266,256,60,48,214,362,315,5,156,16,268,colgate,1159.0,1159,2024,1649.1959305325863,2024,X14
2024,CAA,college of charleston,13,0,69.7286,100,69.7757,59,114.421,23,113.736,58,104.197,160,106.128,176,7.60727,98,8.116,113.335,105.219,0.702,33,26,7,78.78787879,52.4,50.6,26.9,28.3,14.3,16.4,33.5,73.4,26.6,66.5,69.7,52.6,50.5,34.8,33.8,8.2,10.0,53.6,42.8,52.9,47.1,63.1,36.9,69.952,77.503,81.18,1.788,5.524,72.2,70.6,1.144,1.043,11.135,-1.6,99,53,178,100,84,192,333,74,31,224,45,77,77,45,104,93,183,137,171,229,250,102,25,347,16,192,176,53,117,59,256,227,177,102,24,160,271,college of charleston,1158.0,1158,2024,1719.2604284692018,2024,X13
2024,P12,colorado,10,0,69.0823,137,67.5085,165,113.528,30,117.579,25,101.908,93,99.1127,42,18.4666,26,19.175,117.194,98.019,0.886,34,24,10,70.58823529,55.3,49.3,35.3,28.1,18.1,15.2,32.4,76.0,24.0,67.6,69.1,53.6,50.1,39.4,31.9,5.5,9.3,56.1,43.3,69.6,30.4,64.7,35.3,67.688,78.711,81.561,2.2,38.964,77.8,70.7,1.135,1.019,26.08,1.7,27,25,38,27,19,113,110,67,262,298,75,14,14,75,142,55,169,7,67,348,189,63,29,41,324,263,105,160,11,29,125,74,18,112,31,94,80,colorado,1160.0,1160,2024,1814.388563297642,2024,Z10b
2024,MWC,colorado st.,10,0,66.4971,282,65.8043,270,112.111,50,115.382,42,103.134,124,98.779,38,16.6027,38,15.664,113.795,98.131,0.846,32,22,10,68.75,54.6,49.3,32.6,31.8,14.8,16.9,24.3,72.5,27.5,75.7,66.5,57.6,48.5,33.2,34.0,8.1,8.6,65.7,48.7,61.7,38.3,66.0,34.0,65.849,76.588,79.048,2.578,21.58,75.4,74.2,1.121,1.03,27.18,1.5,45,49,40,45,33,113,187,154,49,185,311,110,110,311,285,10,98,219,198,238,124,2,132,213,153,297,68,268,266,312,20,124,55,312,47,122,74,colorado st.,1161.0,1161,2024,1732.4550074565814,2024,Y10a
2024,BE,connecticut,1,0,66.2316,299,64.4543,329,122.708,1,126.608,1,97.6459,27,94.3949,11,32.213,1,33.493,127.046,93.553,0.971,34,31,3,91.17647059,57.1,45.1,33.3,32.5,14.9,16.2,36.5,73.2,26.8,63.5,66.2,58.5,43.7,36.7,31.9,14.2,8.3,63.7,46.0,59.1,40.9,66.8,33.2,64.586,78.369,81.572,1.709,58.255,74.2,72.2,1.23,0.973,33.643,11.3,2,1,11,2,6,5,161,175,53,240,15,88,88,15,300,6,7,30,67,15,104,6,60,276,89,315,50,325,24,28,283,35,91,201,1,22,19,connecticut,1163.0,1163,2024,2071.503008212704,2024,W01
2024,BE,creighton,3,0,67.9754,213,67.0297,207,116.365,18,120.091,12,100.617,68,96.6912,24,23.3993,11,24.145,120.6,96.455,0.929,32,23,9,71.875,57.5,46.4,24.5,16.2,15.3,11.2,25.9,75.4,24.6,74.1,68.0,60.6,45.7,36.1,32.2,8.6,9.1,58.6,40.9,51.1,48.9,72.8,27.2,66.947,78.515,82.574,2.322,52.884,78.1,78.7,1.163,1.007,33.229,4.4,10,12,27,10,3,18,353,1,69,362,284,22,22,284,214,3,21,60,82,207,173,30,8,356,7,359,5,213,14,5,86,48,13,362,18,70,22,creighton,1166.0,1166,2024,1930.491746740059,2024,Y03
2024,A10,dayton,7,0,64.5594,348,64.1776,337,115.089,20,118.601,18,102.217,102,101.304,87,17.2975,32,16.782,117.426,100.644,0.855,31,24,7,77.41935484,56.6,47.9,37.2,21.8,15.8,15.7,26.9,71.0,29.0,73.1,64.6,53.7,48.2,40.2,31.7,11.3,10.0,58.3,50.7,55.5,44.5,59.6,40.4,63.987,76.937,80.705,2.205,32.899,73.4,73.3,1.153,1.022,23.183,2.6,39,22,92,40,9,51,72,3,95,276,257,181,181,257,349,51,83,3,56,67,250,35,182,334,32,79,284,338,208,103,121,88,116,270,19,103,88,dayton,1173.0,1173,2024,1812.183875899046,2024,X07
2024,MVC,drake,10,0,68.6721,160,67.8384,150,114.237,25,115.619,38,100.305,62,100.904,75,14.7142,51,14.693,114.841,100.148,0.828,33,27,6,81.81818182,54.9,51.0,32.6,31.0,13.9,17.4,24.2,77.9,22.1,75.8,68.7,55.1,51.9,36.5,33.0,4.5,7.2,55.9,41.6,60.4,39.6,60.7,39.3,67.768,76.36,80.074,1.786,15.682,76.3,70.2,1.14,1.003,16.549,1.7,50,38,81,50,28,209,187,134,15,144,314,1,1,314,160,25,249,41,127,356,36,65,16,244,119,113,253,154,306,184,257,150,36,84,27,62,140,drake,1179.0,1179,2024,1798.5276004145408,2024,W10
2024,ACC,duke,4,0,67.7309,224,66.6784,231,118.229,7,121.827,7,99.4864,41,96.9502,26,24.8767,8,23.968,120.797,96.829,0.927,32,24,8,75.0,55.2,49.0,33.8,27.6,14.3,16.9,31.8,74.1,25.9,68.2,67.8,54.4,49.1,37.7,32.6,9.8,11.8,53.8,50.7,62.6,37.4,64.5,35.5,66.864,78.244,82.287,1.152,91.61,72.2,69.0,1.178,0.995,26.968,3.3,11,9,30,11,21,96,148,56,31,185,89,57,57,89,223,39,121,17,104,151,338,97,182,182,183,254,112,217,32,10,351,1,177,32,8,45,75,duke,1181.0,1181,2024,1985.6974418299972,2024,Z04
2024,A10,duquesne,11,0,66.8316,271,66.3236,251,104.828,190,106.921,166,99.8115,50,97.5497,28,9.37104,86,10.179,106.316,96.137,0.761,34,23,11,67.64705882,50.1,48.0,33.1,35.3,17.5,19.5,29.9,70.0,30.0,70.1,66.8,49.6,48.4,33.9,31.7,12.7,11.4,53.8,52.3,60.3,39.7,62.7,37.3,66.271,76.501,80.119,1.999,0.2,71.4,70.7,1.048,0.996,19.651,-1.8,80,155,26,75,211,61,167,252,213,49,140,226,226,140,273,214,94,181,56,33,322,97,230,248,118,173,191,253,286,178,185,362,220,112,193,47,101,duquesne,1182.0,1182,2024,1671.4215837175825,2024,W11
2024,SEC,florida,7,0,72.9572,16,71.6913,18,114.641,22,119.317,14,105.628,198,101.129,83,18.1884,29,20.355,119.659,99.304,0.895,35,24,11,68.57142857,51.5,48.8,38.6,34.2,15.8,14.5,37.5,71.1,28.9,62.5,73.0,51.7,49.0,34.2,32.2,12.1,9.6,50.2,41.0,65.5,34.5,67.3,32.7,71.575,78.508,82.595,1.707,30.164,71.2,70.6,1.146,1.057,31.29,3.0,23,14,68,24,140,84,44,223,95,321,7,174,174,7,16,123,116,164,82,45,217,184,10,105,259,323,41,20,15,3,285,99,225,102,22,203,36,florida,1196.0,1196,2024,1855.4210141987055,2024,Z07
2024,Amer,florida atlantic,8,0,69.0429,141,68.0531,138,117.369,13,118.961,16,104.021,150,102.725,109,16.2359,41,14.274,117.264,102.99,0.816,33,25,8,75.75757576,55.0,49.7,34.8,27.5,15.8,16.5,33.8,70.8,29.2,66.2,69.0,56.0,49.3,35.6,33.6,7.8,6.7,51.0,37.9,61.2,38.8,63.7,36.3,67.913,76.544,79.864,2.764,21.565,72.0,72.7,1.173,1.041,20.437,1.2,51,23,134,54,26,134,126,53,95,213,40,191,191,40,147,17,132,89,159,260,20,159,3,228,136,228,137,144,277,223,4,125,184,238,14,152,96,florida atlantic,1194.0,1194,2024,1800.4536838849217,2024,W08
2024,WCC,gonzaga,5,0,69.7948,98,69.0926,83,119.756,3,120.997,9,99.6295,46,99.4329,46,21.5641,15,22.623,121.233,98.61,0.915,31,24,7,77.41935484,56.7,47.3,31.5,25.8,14.0,16.5,33.3,72.8,27.2,66.7,69.8,58.3,45.1,35.5,34.0,10.1,6.4,52.1,48.2,68.6,31.4,63.1,36.9,69.074,77.65,81.225,1.84,72.006,72.6,72.7,1.198,0.994,23.847,2.5,14,8,50,14,8,37,225,24,17,213,53,102,102,53,99,7,13,95,198,132,13,135,118,54,309,192,176,85,92,53,235,10,154,238,3,42,86,gonzaga,1211.0,1211,2024,2039.4144728583651,2024,Y05
2024,SWAC,grambling st.,16,0,66.2915,294,64.8232,314,97.5516,313,99.2736,297,102.899,117,107.084,197,-7.80999,267,-8.337,97.672,106.009,0.281,31,17,14,54.83870968,48.2,49.1,39.6,33.9,20.5,19.0,28.1,67.3,32.7,71.9,66.5,47.0,48.4,34.1,33.7,8.3,7.9,40.6,55.1,70.2,29.8,66.6,33.4,64.9,76.762,80.211,2.34,12.502,70.6,73.8,0.971,1.027,15.298,-8.0,270,306,191,272,275,101,31,221,340,61,209,327,327,209,285,305,94,173,164,221,75,352,295,31,333,310,55,313,243,163,79,168,254,292,320,115,155,grambling st.,1212.0,1212,2024,1361.5081750469933,2024,Y16a
2024,WAC,grand canyon,12,0,69.3343,122,68.1093,134,112.74,40,113.478,63,95.7241,6,99.5638,51,13.9138,53,11.238,111.066,99.828,0.773,32,28,4,87.5,52.0,45.9,45.3,34.8,17.8,19.9,34.6,70.4,29.6,65.4,69.3,52.3,44.4,34.4,32.6,13.5,7.1,45.2,48.0,63.9,36.1,66.4,33.6,68.046,78.109,80.422,2.618,14.992,75.3,70.8,1.127,0.958,11.307,1.3,70,79,76,71,106,11,6,240,233,38,30,212,212,30,126,98,10,152,104,24,31,295,111,153,214,307,56,139,41,128,17,157,57,117,40,6,262,grand canyon,1213.0,1213,2024,1731.334951236878,2024,X12
2024,B12,houston,1,0,64.1588,351,63.2681,348,113.057,34,118.868,17,88.2881,1,87.1492,2,31.7188,2,33.697,119.216,85.519,0.979,34,30,4,88.23529412,49.7,44.0,29.9,39.0,13.7,24.7,36.9,69.8,30.2,63.1,64.2,48.4,43.4,34.7,30.0,16.1,7.4,49.1,60.2,63.4,36.6,59.1,40.9,63.328,75.893,78.793,2.28,63.543,69.4,67.0,1.13,0.881,34.485,10.6,1,15,1,1,232,2,264,309,10,3,12,232,232,12,351,263,4,141,14,2,46,207,357,162,201,70,295,349,343,338,97,20,289,5,36,1,11,houston,1222.0,1222,2024,2065.8138064665595,2024,Z01
2024,MEAC,howard,16,0,69.1666,131,67.5375,163,106.37,150,105.489,192,107.254,240,113.752,334,-8.26281,276,-8.407,104.47,112.877,0.291,32,16,16,50.0,52.0,50.9,42.2,39.1,21.4,16.7,33.4,69.3,30.7,66.6,69.2,49.2,50.8,37.5,34.0,7.5,10.9,55.3,46.9,61.1,38.9,66.8,33.2,67.683,76.439,79.358,2.194,31.316,75.0,70.1,1.064,1.072,8.38,-12.1,272,192,335,269,106,206,12,311,353,197,50,266,266,50,134,234,202,19,198,272,300,70,79,233,134,315,50,161,298,293,128,94,66,79,150,242,342,howard,1224.0,1224,2024,1320.3273820679244,2024,X16a
2024,B10,illinois,3,0,70.5498,66,69.8886,56,118.858,6,125.551,3,104.051,151,101.564,93,23.9871,10,24.236,125.323,101.087,0.922,34,26,8,76.47058824,53.8,48.0,37.8,27.1,15.1,12.3,36.2,73.9,26.1,63.8,70.5,54.7,46.6,34.9,34.3,8.2,8.3,44.4,42.6,61.7,38.3,72.1,27.9,69.854,78.785,80.635,2.444,56.834,74.5,71.7,1.188,1.039,32.635,6.0,9,3,97,12,48,61,59,41,62,360,17,62,62,17,70,34,38,128,223,229,104,316,23,213,153,356,7,56,8,109,48,38,80,168,6,147,27,illinois,1228.0,1228,2024,1962.8013803934816,2024,W03
2024,B12,iowa st.,2,0,68.1713,199,67.3399,179,110.446,74,113.864,55,89.9131,2,87.1458,1,26.7178,5,27.105,113.65,86.545,0.958,34,27,7,79.41176471,51.9,47.1,36.1,35.2,15.7,25.7,31.6,70.6,29.4,68.4,68.2,51.7,46.9,34.9,31.5,10.8,8.7,58.0,58.9,68.0,32.0,55.0,45.0,67.569,77.594,80.572,1.824,44.201,69.7,71.2,1.108,0.899,33.017,6.9,6,51,2,4,113,29,93,250,90,2,95,203,203,95,202,123,47,128,52,91,139,38,343,62,303,10,354,170,102,119,242,63,281,138,64,2,24,iowa st.,1235.0,1235,2024,1965.6438855653737,2024,W02
2024,SB,james madison,12,0,71.1256,51,69.4753,71,115.358,19,113.858,56,96.5285,11,100.958,79,12.9001,59,11.554,111.935,100.381,0.778,33,30,3,90.90909091,54.4,46.7,34.2,35.1,14.7,19.8,32.0,72.4,27.6,68.0,71.1,54.2,48.8,36.5,28.6,7.6,8.9,54.3,42.0,61.9,38.1,64.9,35.1,69.763,77.286,79.864,2.428,3.831,70.5,73.1,1.152,0.965,9.457,1.5,67,64,88,69,36,27,138,248,44,42,84,113,113,84,53,41,106,41,2,268,158,85,18,205,161,272,95,62,149,223,55,256,258,260,20,12,320,james madison,1241.0,1241,2024,1696.183973693693,2024,Z12
2024,B12,kansas,4,0,69.6118,104,68.9392,92,107.292,134,113.382,65,99.1572,35,94.1566,10,19.2256,22,20.833,113.548,92.715,0.911,31,21,10,67.74193548,53.4,47.6,32.8,28.5,16.4,16.8,25.3,73.6,26.4,74.7,69.6,54.8,45.3,33.3,33.8,11.1,7.0,66.5,51.1,70.3,29.7,58.9,41.1,68.881,78.855,82.569,2.102,64.218,72.9,69.9,1.073,0.989,37.263,4.3,19,52,7,16,55,46,180,80,143,190,291,71,71,291,110,31,15,211,171,78,25,1,194,29,335,63,304,93,6,6,152,19,137,70,135,35,2,kansas,1242.0,1242,2024,1946.8349082694976,2024,Y04
2024,SEC,kentucky,3,0,74.0625,8,72.636,11,119.233,5,122.742,5,106.076,211,102.724,108,20.018,19,20.769,123.011,102.242,0.893,32,23,9,71.875,57.4,49.5,30.4,33.4,14.2,16.0,28.9,69.8,30.2,71.1,74.1,54.7,49.8,41.2,32.6,16.1,8.9,54.6,51.9,62.7,37.3,60.1,39.9,72.505,78.77,82.02,0.982,73.978,77.3,72.0,1.194,1.064,29.177,2.9,20,5,123,26,4,125,252,205,26,255,174,232,232,174,8,34,153,1,104,2,158,81,219,179,187,89,277,14,9,14,358,8,24,188,5,220,53,kentucky,1246.0,1246,2024,1925.4375536092855,2024,Z03
2024,BW,long beach st.,15,0,71.8207,36,71.1635,29,106.212,155,107.857,145,105.197,186,107.862,210,-0.00456917,163,-2.567,105.389,107.956,0.431,33,19,14,57.57575758,48.9,51.2,38.1,32.6,17.1,18.5,33.3,70.4,29.6,66.7,71.9,49.7,50.0,31.3,35.1,12.6,5.9,55.1,59.0,71.7,28.3,56.4,43.6,71.405,77.131,80.347,2.22,11.174,71.0,72.4,1.058,1.049,12.603,-8.0,193,174,233,192,258,220,54,182,189,92,53,212,212,53,35,211,164,307,264,35,6,74,344,17,348,18,345,23,174,143,118,173,231,219,168,180,222,long beach st.,1253.0,1253,2024,1510.7395223936917,2024,X15
2024,BSth,longwood,16,0,67.8933,215,66.7619,227,107.318,132,105.712,188,101.377,81,104.753,146,0.95941,157,-0.867,103.961,104.828,0.476,31,18,13,58.06451613,49.4,51.3,39.5,36.1,18.0,19.6,36.7,74.5,25.5,63.3,68.0,48.6,50.9,34.2,34.6,7.2,7.2,48.0,49.3,71.7,28.3,60.5,39.5,66.81,77.071,79.691,2.323,17.521,68.8,70.1,1.068,1.009,9.715,-8.6,170,202,167,170,244,233,32,271,248,46,13,49,49,13,214,258,207,164,238,288,36,244,143,17,348,107,260,220,189,243,85,143,299,79,143,76,309,longwood,1255.0,1255,2024,1432.4372853773766,2024,Z16
2024,BE,marquette,2,0,69.3264,123,68.9774,91,112.444,45,118.294,21,100.601,67,95.5576,19,22.7369,12,24.325,118.92,94.595,0.933,34,25,9,73.52941176,55.1,49.7,25.6,28.2,14.3,21.1,26.0,69.2,30.8,74.0,69.3,56.0,49.2,35.8,33.6,9.8,8.4,54.3,59.2,59.5,40.5,56.9,43.1,69.064,78.072,81.653,1.872,57.136,71.5,75.3,1.126,1.002,37.073,6.5,8,19,17,8,23,134,344,68,31,20,279,273,273,279,126,17,126,74,159,151,110,85,347,267,98,23,340,86,48,25,224,37,210,337,42,60,5,marquette,1266.0,1266,2024,1971.3071455899023,2024,Z02
2024,Slnd,mcneese st.,12,0,66.8129,273,65.5793,282,117.513,11,114.033,51,96.1176,10,101.171,84,12.8626,60,10.223,111.288,101.065,0.752,29,26,3,89.65517241,54.9,47.8,40.6,33.9,14.2,23.0,32.1,69.6,30.4,67.9,66.8,52.8,46.3,39.4,33.0,12.8,9.0,51.8,57.9,66.4,33.6,51.9,48.1,65.325,75.996,79.315,2.328,18.38,69.5,71.4,1.174,0.959,8.837,0.7,79,75,96,81,28,50,19,221,26,6,80,245,245,80,273,81,30,7,127,30,166,139,332,89,277,1,362,298,337,297,83,138,287,148,12,8,335,mcneese st.,1270.0,1270,2024,1498.6946304903947,2024,Y12
2024,B10,michigan st.,9,0,66.3965,288,65.1889,305,109.535,93,113.76,57,99.3536,36,93.7263,8,20.0339,18,19.451,112.729,93.278,0.898,33,19,14,57.57575758,51.5,48.0,29.9,32.6,14.7,18.7,29.9,71.3,28.7,70.1,66.4,50.5,47.1,35.9,32.8,12.0,7.7,60.0,54.9,69.8,30.2,58.7,41.3,65.272,77.257,80.882,2.07,67.335,70.6,71.4,1.097,0.989,34.196,0.21,25,60,9,23,140,61,264,182,44,73,140,168,168,140,293,169,50,69,117,48,63,17,288,37,327,56,307,303,154,86,164,14,254,148,93,35,13,michigan st.,1277.0,1277,2024,1868.448837582402,2024,X09
2024,SEC,mississippi st.,8,0,68.8988,149,67.0503,202,108.114,118,113.678,60,100.035,55,95.6951,20,17.9825,30,17.693,112.623,94.93,0.877,34,21,13,61.76470588,51.7,47.7,37.9,32.4,18.7,18.2,35.4,72.4,27.6,64.6,68.9,53.4,50.2,32.5,29.4,9.1,10.6,52.8,48.3,61.8,38.2,58.9,41.1,67.159,76.879,80.786,2.241,43.205,67.2,75.1,1.081,0.999,32.154,0.8,30,61,19,30,125,48,57,172,292,103,21,113,113,21,152,64,175,251,6,182,288,116,122,209,157,63,304,197,225,93,112,67,327,336,116,55,31,mississippi st.,1280.0,1280,2024,1841.8723217986008,2024,X08
2024,BSky,montana st.,16,0,69.242,126,68.7956,96,105.019,184,103.305,234,105.726,200,107.206,198,-3.90152,213,-2.97,102.885,105.855,0.419,31,15,16,48.38709677,53.9,52.3,30.7,37.0,16.8,18.6,20.7,71.4,28.6,79.3,69.2,53.4,54.1,36.4,32.6,6.3,7.8,47.8,46.9,58.6,41.4,64.6,35.4,68.489,77.044,79.76,2.373,0.2,73.4,71.5,1.051,1.061,9.572,-12.6,200,220,189,201,45,281,242,285,172,83,357,162,162,357,134,64,333,45,104,331,70,248,79,291,75,257,108,112,199,234,70,362,116,154,180,213,312,montana st.,1286.0,1286,2024,1502.677472025402,2024,Y16b
2024,OVC,morehead st.,14,0,65.7279,318,64.2353,335,110.583,72,108.989,124,99.5625,44,103.52,120,5.46884,111,3.291,106.669,103.378,0.589,30,22,8,73.33333333,54.4,45.7,31.3,32.7,18.5,15.5,32.0,73.6,26.4,68.0,65.7,55.6,45.4,35.3,31.1,11.2,7.9,52.4,41.1,54.9,45.1,68.8,31.2,64.279,78.094,80.434,2.372,16.078,71.5,75.8,1.102,0.999,11.774,-3.4,134,149,142,133,36,9,229,187,283,286,84,71,71,84,320,20,16,108,35,73,75,127,12,339,25,340,25,333,42,127,71,148,210,347,79,55,253,morehead st.,1287.0,1287,2024,1551.1614209819368,2024,W14
2024,B10,nebraska,8,0,69.2526,125,68.6104,103,110.955,63,115.866,36,100.262,60,97.6744,30,18.1912,28,20.096,115.671,95.575,0.9,33,23,10,69.6969697,53.2,46.3,32.4,27.7,15.9,16.4,27.8,70.0,30.0,72.2,69.3,52.8,45.2,35.8,31.9,7.2,10.8,57.1,52.5,55.5,44.5,58.3,41.7,68.655,77.428,80.383,2.43,27.887,75.4,69.9,1.108,1.001,29.05,2.4,24,32,24,22,64,15,193,58,101,224,219,226,226,219,126,81,14,74,67,288,296,46,236,334,32,49,314,105,132,138,53,105,55,70,64,58,54,nebraska,1304.0,1304,2024,1826.993442473995,2024,Z08
2024,MWC,nevada,10,0,67.0488,265,66.6449,233,112.943,37,115.55,40,100.063,57,98.7358,36,16.814,36,17.017,115.049,98.032,0.863,32,25,7,78.125,53.3,48.2,46.2,34.3,15.0,17.3,27.5,72.8,27.2,72.5,67.0,52.6,49.1,36.5,31.3,11.2,6.7,58.1,54.9,66.4,33.6,59.0,41.0,66.764,77.925,80.208,2.436,28.02,72.3,69.7,1.128,1.001,22.983,2.7,36,36,39,37,60,66,3,227,58,153,233,102,102,233,268,93,121,41,41,73,20,37,288,89,277,67,299,224,61,164,50,104,171,60,39,58,89,nevada,1305.0,1305,2024,1777.4086126181692,2024,X10
2024,MWC,new mexico,11,0,72.4265,22,72.6803,8,112.623,41,115.411,41,98.1694,29,96.4738,23,18.9368,23,19.336,114.829,95.493,0.893,34,25,9,73.52941176,51.0,48.0,33.1,33.5,13.9,19.5,33.4,73.0,27.0,66.6,72.4,51.4,49.2,33.4,30.6,13.5,9.6,49.3,54.2,70.2,29.8,63.4,36.6,72.766,77.055,80.945,1.908,55.824,71.8,74.0,1.126,0.98,23.773,1.7,26,39,23,26,156,61,167,210,15,49,50,94,94,50,23,136,126,209,24,24,217,204,272,31,333,215,153,7,194,77,212,40,198,306,42,29,87,new mexico,1307.0,1307,2024,1768.694124853827,2024,X11
2024,ACC,north carolina,1,0,71.4602,41,70.4477,41,113.459,31,117.796,24,97.8323,28,93.151,6,24.6454,9,23.59,116.784,93.194,0.931,34,27,7,79.41176471,51.3,46.4,36.8,28.3,14.4,14.9,32.8,76.5,23.5,67.2,71.4,50.3,46.0,35.4,31.4,10.2,9.6,51.5,40.6,64.1,35.9,63.9,36.1,70.367,77.172,81.126,2.174,88.407,75.4,74.4,1.136,0.98,30.665,6.6,12,26,8,9,145,18,80,74,33,310,67,10,10,67,46,176,25,101,47,125,217,149,7,147,219,237,130,46,164,64,133,2,55,318,30,29,43,north carolina,1314.0,1314,2024,1964.1252495480264,2024,X01
2024,ACC,north carolina st.,11,0,68.9,148,68.0599,137,109.748,90,114.385,47,104.556,169,101.329,89,13.056,58,12.835,113.979,101.144,0.798,36,22,14,61.11111111,50.7,50.5,32.5,31.9,13.7,17.9,28.6,70.7,29.3,71.4,68.9,50.1,49.5,34.6,34.9,9.3,7.7,46.1,48.4,66.5,33.5,64.7,35.3,67.887,77.049,80.48,2.403,48.869,73.4,73.2,1.098,1.045,28.902,-0.6,60,47,98,64,176,187,192,159,10,123,185,196,196,185,152,189,144,145,252,168,63,276,124,85,280,263,105,147,195,126,59,58,116,265,90,169,57,north carolina st.,1301.0,1301,2024,1807.858296288248,2024,Z11
2024,B10,northwestern,9,0,64.6113,346,63.7214,342,112.16,49,116.657,30,104.781,179,100.752,72,15.9057,46,17.988,117.194,99.206,0.872,32,21,11,65.625,53.2,51.6,29.9,39.4,13.3,18.8,25.7,71.8,28.2,74.3,64.6,49.7,50.3,39.4,35.9,9.9,10.3,59.6,58.7,63.2,36.8,63.1,36.9,63.684,77.579,80.627,2.306,35.529,74.8,72.0,1.122,1.051,30.87,1.5,29,25,64,31,64,249,264,317,7,70,287,140,140,287,349,211,177,7,315,140,270,20,341,172,196,192,176,343,104,110,89,84,75,188,46,186,40,northwestern,1321.0,1321,2024,1811.9820488916337,2024,W09
2024,Horz,oakland,14,0,68.1725,198,66.6629,232,110.679,70,108.593,135,105.581,196,105.776,165,2.81743,137,3.176,107.819,104.643,0.585,34,23,11,67.64705882,52.1,50.6,30.9,26.8,16.2,16.3,30.6,71.4,28.6,69.4,68.2,51.8,50.5,35.1,33.9,7.9,8.0,53.3,62.4,59.2,40.8,59.3,40.7,66.769,76.451,78.86,2.571,7.281,75.8,73.5,1.104,1.053,15.066,-4.2,137,131,163,137,99,192,239,37,121,231,117,162,162,117,202,117,183,119,182,255,85,107,362,273,93,75,290,223,292,334,21,208,44,280,76,193,156,oakland,1324.0,1324,2024,1524.5402334805306,2024,Z14
2024,P12,oregon,11,0,68.6239,162,67.1541,197,109.416,96,114.036,50,104.173,159,100.607,70,13.4292,55,13.701,113.269,99.568,0.815,34,23,11,67.64705882,51.8,51.5,32.3,32.8,14.8,17.9,28.7,72.9,27.1,71.3,68.6,52.7,51.6,33.6,34.3,9.8,9.3,50.7,50.1,63.3,36.7,63.8,36.2,67.128,76.758,80.1,1.969,47.815,71.5,72.2,1.094,1.044,28.128,1.4,56,54,73,58,120,246,195,190,49,123,179,98,98,179,170,84,235,197,223,151,189,170,164,166,200,232,134,199,244,179,193,61,210,201,97,165,66,oregon,1332.0,1332,2024,1799.7942622823466,2024,Y11
2024,B10,purdue,1,0,68.986,144,67.3784,175,119.453,4,124.988,4,100.728,71,95.87,21,29.1183,3,31.493,126.212,94.719,0.964,33,29,4,87.87878788,56.0,47.7,42.8,23.0,16.5,14.0,37.4,75.3,24.7,62.6,69.0,53.2,48.1,40.8,31.4,9.6,6.0,64.5,55.1,65.0,35.0,62.8,37.2,67.599,78.09,83.245,1.864,52.594,72.1,72.4,1.196,1.006,36.076,11.0,3,2,18,3,13,48,10,10,152,338,8,26,26,8,147,71,77,2,47,158,7,4,295,120,247,179,189,168,43,1,225,49,182,219,4,67,8,purdue,1345.0,1345,2024,2077.6838877655405,2024,Y01
2024,WCC,saint mary's,5,0,63.3514,355,61.9463,358,114.915,21,114.901,45,93.5732,3,95.0132,16,19.888,20,22.139,115.794,93.655,0.92,32,25,7,78.125,53.1,45.1,28.3,32.2,16.0,16.7,39.0,77.6,22.4,61.0,63.3,53.0,43.6,35.5,32.4,10.1,7.4,58.3,47.7,63.3,36.7,71.0,29.0,62.072,78.507,81.259,1.929,38.712,67.4,71.1,1.147,0.935,19.572,1.4,16,30,13,13,67,5,305,168,107,197,3,2,2,3,355,76,5,95,89,132,46,35,103,166,200,355,8,358,16,51,204,75,323,134,21,3,102,saint mary's,1388.0,1388,2024,1898.625134675713,2024,X05
2024,MAAC,saint peter's,15,0,65.2369,336,63.9542,338,99.4394,292,98.5882,305,96.5396,12,100.91,76,-2.32142,187,-3.34,96.817,100.157,0.404,31,18,13,58.06451613,45.0,46.6,38.1,42.3,19.6,20.3,35.1,70.6,29.4,64.9,65.4,42.4,46.4,33.9,31.5,12.8,10.6,49.0,49.7,68.9,31.1,65.5,34.5,63.989,77.234,79.592,1.797,0.702,71.9,70.5,0.992,0.963,9.395,-8.8,206,314,82,208,349,22,54,339,324,32,25,203,203,25,331,359,34,181,52,30,288,209,153,49,315,285,81,337,157,259,254,287,195,93,294,11,326,saint peter's,1389.0,1389,2024,1444.4298598897833,2024,Y15
2024,SC,samford,13,0,73.7641,9,72.4779,14,113.993,26,113.083,69,100.909,76,103.291,116,9.79228,81,9.327,111.741,102.414,0.732,32,27,5,84.375,56.9,50.0,36.4,37.0,18.1,21.7,30.2,68.0,32.0,69.8,73.7,55.5,49.5,39.3,33.9,10.7,10.6,57.4,53.5,59.1,40.9,59.9,40.1,72.568,75.75,79.553,2.096,14.838,72.6,69.1,1.144,1.009,11.368,0.07,88,67,126,89,7,156,85,285,262,18,129,315,315,129,9,22,144,8,182,99,288,43,260,276,89,81,283,12,348,268,155,159,154,37,24,76,260,samford,1359.0,1359,2024,1624.0153722894606,2024,Y13
2024,MWC,san diego st.,5,0,67.0337,266,65.9846,266,108.712,109,113.548,62,98.4268,31,93.8492,9,19.6993,21,17.67,111.536,93.866,0.879,32,22,10,68.75,49.8,47.2,37.5,33.3,16.0,18.0,32.7,72.0,28.0,67.3,67.0,51.6,48.3,31.3,30.5,11.9,8.9,50.8,48.6,62.2,37.8,59.5,40.5,66.101,77.576,80.787,2.508,43.201,72.9,70.1,1.086,0.986,30.359,2.6,31,69,14,29,227,33,66,202,107,116,70,132,132,70,268,127,87,307,22,50,158,166,131,197,168,78,286,262,107,92,31,68,137,79,111,33,46,san diego st.,1361.0,1361,2024,1879.2967316689549,2024,W05
2024,SEC,south carolina,6,0,64.744,345,62.8651,354,110.705,67,114.735,46,102.738,112,99.6715,54,15.0632,49,15.506,114.369,98.863,0.842,33,26,7,78.78787879,50.8,48.0,31.8,30.8,15.5,14.9,33.1,72.0,28.0,66.9,64.7,51.1,46.8,33.5,33.6,8.2,13.4,60.2,47.3,59.0,41.0,68.8,31.2,62.999,77.431,80.088,2.242,43.412,71.4,73.0,1.105,1.027,28.077,4.7,46,43,57,48,169,61,212,130,76,310,58,132,132,58,345,151,44,202,159,229,358,16,97,280,86,340,25,353,131,181,111,65,220,254,75,115,68,south carolina,1376.0,1376,2024,1756.3820260687462,2024,Y06
2024,Sum,south dakota st.,15,0,68.1353,200,67.8617,148,110.141,79,108.662,134,104.075,152,105.674,163,2.98745,134,3.102,107.558,104.456,0.583,31,19,12,61.29032258,55.3,50.8,30.4,27.4,16.4,16.5,24.4,74.7,25.3,75.6,68.2,55.9,49.0,36.2,35.2,9.7,8.7,46.4,47.5,59.8,40.2,52.9,47.1,67.896,77.088,80.807,1.819,7.614,71.6,74.3,1.099,1.043,9.978,-7.4,138,137,154,138,19,197,252,51,143,213,304,38,38,304,202,18,116,52,272,152,139,273,101,260,104,2,361,146,185,90,247,206,206,314,87,160,300,south dakota st.,1355.0,1355,2024,1607.0095149563908,2024,W15
2024,ASun,stetson,16,0,66.6291,277,66.1646,257,111.41,53,110.262,100,112.757,336,114.366,342,-4.1041,218,-5.725,108.238,113.963,0.356,31,19,12,61.29032258,53.4,52.0,31.7,25.9,15.8,13.5,27.5,68.8,31.2,72.5,66.7,52.5,52.2,36.5,34.5,7.8,8.1,48.7,49.5,58.2,41.8,62.6,37.4,65.95,77.673,81.379,2.058,19.778,76.3,73.3,1.112,1.121,12.662,-6.8,233,118,346,231,55,267,217,27,95,344,233,293,293,233,277,95,267,41,232,260,90,220,149,296,68,171,193,264,90,41,168,132,36,270,57,332,221,stetson,1391.0,1391,2024,1432.1644472727749,2024,W16
2024,B12,tcu,9,0,70.6411,62,69.6651,63,110.06,83,115.101,44,99.7082,48,97.8088,31,17.2923,33,17.392,114.5,97.108,0.869,33,21,12,63.63636364,51.9,50.3,35.1,35.7,17.9,20.8,35.5,71.4,28.6,64.5,70.6,51.2,50.9,35.6,32.8,10.2,8.7,59.5,56.4,69.8,30.2,64.8,35.2,69.889,78.079,80.801,2.75,53.769,73.0,69.9,1.106,0.994,32.604,1.3,33,40,31,33,113,174,119,259,241,23,20,162,162,20,65,148,207,89,117,125,139,21,317,37,327,267,99,54,47,91,5,47,133,70,71,42,28,tcu,1395.0,1395,2024,1847.35928873553,2024,Y09
2024,SEC,tennessee,2,0,70.591,64,69.2023,79,112.545,43,117.021,29,96.0253,8,91.0499,3,25.9712,7,24.368,115.62,91.252,0.938,32,24,8,75.0,51.5,45.4,34.3,35.8,14.6,18.9,32.4,71.4,28.6,67.6,70.6,51.6,44.3,34.2,31.4,13.6,8.0,61.2,49.5,58.7,41.3,58.6,41.4,69.219,76.606,80.263,2.262,55.338,74.9,70.7,1.125,0.961,34.068,5.8,7,33,3,7,140,7,135,263,41,66,75,162,162,75,65,127,9,164,47,21,85,13,149,287,77,55,310,78,264,154,103,42,70,112,44,9,14,tennessee,1397.0,1397,2024,1968.075723933223,2024,Y02
2024,B12,texas,7,0,68.1959,195,67.1608,196,111.933,52,118.526,19,102.265,104,100.122,61,18.4034,27,20.759,119.016,98.257,0.901,32,20,12,62.5,53.7,49.0,30.4,35.0,16.6,18.6,30.5,70.0,30.0,69.5,68.2,53.4,47.4,36.1,34.8,11.7,9.0,56.5,47.1,65.1,34.9,67.6,32.4,67.175,76.676,80.596,2.288,50.353,75.7,71.9,1.118,1.021,33.846,1.2,21,18,42,21,50,96,252,246,158,83,120,226,226,120,202,64,58,60,247,56,166,56,92,115,248,327,37,195,256,113,95,54,45,180,51,100,17,texas,1400.0,1400,2024,1925.051210803388,2024,Y07
2024,SEC,texas a&m,9,0,67.4371,249,65.8429,269,110.767,66,115.996,31,104.483,168,99.8885,57,16.108,44,16.089,115.004,98.915,0.85,34,20,14,58.82352941,45.4,50.1,38.2,31.2,14.2,16.9,41.9,72.0,28.0,58.1,67.4,47.0,49.5,28.4,33.9,8.9,13.6,44.5,59.9,61.9,38.1,55.1,44.9,65.555,77.138,79.734,2.393,55.263,70.9,70.7,1.105,1.046,33.304,0.25,43,37,58,43,345,164,51,139,26,185,1,132,132,1,255,305,144,353,182,190,360,312,351,205,161,12,352,286,171,239,62,43,236,112,75,172,21,texas a&m,1401.0,1401,2024,1864.372718200042,2024,Z09
2024,B12,texas tech,6,0,67.21,258,66.6408,234,111.985,51,117.943,23,102.629,110,99.3985,45,18.5448,24,19.079,117.537,98.458,0.885,33,23,10,69.6969697,52.8,49.1,34.6,26.6,16.5,17.0,30.2,69.7,30.3,69.8,67.2,51.5,49.6,36.5,32.1,7.0,10.1,55.9,46.8,58.9,41.1,61.0,39.0,66.428,76.429,79.654,2.079,50.406,77.8,71.0,1.12,1.028,32.55,3.4,28,21,47,28,71,101,131,33,152,175,129,238,238,129,260,133,146,41,77,298,260,65,74,283,82,117,247,245,301,252,161,53,18,128,50,118,29,texas tech,1403.0,1403,2024,1896.9478406974913,2024,Z06
2024,Amer,uab,12,0,68.7165,157,67.7997,153,111.082,61,113.68,59,109.004,270,107.398,202,6.28179,106,6.447,112.729,106.282,0.663,33,22,11,66.66666667,50.1,51.0,40.5,31.4,16.7,16.1,35.3,69.0,31.0,64.7,68.7,50.4,50.2,33.1,35.0,12.3,10.0,49.6,48.9,68.7,31.3,63.3,36.7,67.733,77.086,80.715,2.218,21.521,74.3,72.2,1.111,1.088,17.731,-2.7,108,60,197,109,211,209,21,140,165,248,22,281,281,22,160,173,175,222,261,39,250,201,139,53,312,209,164,157,186,101,119,127,88,201,59,274,124,uab,1412.0,1412,2024,1678.4538600237083,2024,W12
2024,MWC,utah st.,8,0,69.0912,136,68.5319,107,112.576,42,115.617,39,101.866,92,100.502,68,15.1147,48,13.786,114.15,100.364,0.815,31,25,6,80.64516129,54.1,49.6,40.0,30.4,15.7,16.4,28.5,74.6,25.4,71.5,69.1,57.1,53.1,32.1,29.0,11.1,5.9,56.4,49.0,66.6,33.4,63.3,36.7,68.51,77.278,80.736,1.918,21.975,71.2,72.0,1.125,1.02,22.529,3.3,54,44,87,58,43,129,26,120,90,224,192,40,40,192,142,12,304,273,3,78,6,58,140,82,282,209,164,109,150,99,207,123,225,188,44,96,91,utah st.,1429.0,1429,2024,1820.427267710378,2024,Y08
2024,AE,vermont,13,0,65.4814,326,63.2333,349,107.533,125,107.122,159,97.2349,19,100.145,62,6.9772,104,5.839,104.523,98.684,0.659,32,26,6,81.25,51.8,46.7,29.7,25.9,13.8,15.1,22.4,76.7,23.3,77.6,65.6,53.1,46.4,33.5,31.5,10.9,10.6,52.1,43.2,55.9,44.1,63.5,36.5,63.308,76.92,79.286,2.309,4.273,72.3,72.5,1.074,0.97,10.22,-1.2,112,191,52,110,120,27,268,27,13,304,346,8,8,346,324,73,34,202,52,85,288,135,28,328,35,219,147,350,214,300,88,253,171,226,130,18,293,vermont,1436.0,1436,2024,1706.8297037549842,2024,Z13
2024,ACC,virginia,10,0,61.2676,362,59.9122,362,102.789,234,105.422,194,96.0936,9,93.3467,7,12.0752,69,12.652,104.614,91.962,0.815,33,23,10,69.6969697,49.3,46.2,25.1,25.7,13.2,19.3,26.0,71.9,28.1,74.0,61.3,46.8,46.6,36.3,30.4,15.9,8.7,63.4,52.1,67.3,32.7,60.1,39.9,59.993,77.845,80.707,1.636,61.004,63.7,75.0,1.027,0.962,25.743,1.2,62,190,5,58,246,14,349,22,5,52,279,137,137,279,362,310,38,47,19,4,139,7,223,70,293,89,277,362,66,102,299,26,355,334,236,10,81,virginia,1438.0,1438,2024,1833.4683946177336,2024,Y10b
2024,NEC,wagner,16,0,62.5685,361,61.253,361,97.4514,315,95.7835,334,99.3912,37,105.878,171,-10.0944,293,-10.014,95.002,105.016,0.24,29,14,15,48.27586207,44.6,48.4,26.8,29.9,15.9,17.0,29.5,73.0,27.0,70.5,62.6,42.8,50.9,31.6,29.9,7.1,9.7,54.9,59.2,61.8,38.2,58.8,41.2,61.28,76.232,78.931,1.596,0.2,70.7,67.7,0.973,0.994,8.04,-11.7,287,333,174,295,354,71,334,110,101,175,151,94,94,151,361,358,207,295,12,293,226,76,347,209,157,58,306,361,317,328,308,362,250,11,318,42,350,wagner,1447.0,1447,2024,1361.5493032566983,2024,X16b
2024,P12,washington st.,7,0,66.6789,275,64.8206,316,110.65,71,113.431,64,99.4722,40,97.215,27,16.2158,42,16.17,112.793,96.623,0.856,33,24,9,72.72727273,52.1,47.3,31.7,32.7,16.1,15.9,32.9,75.1,24.9,67.1,66.7,52.6,46.9,34.0,32.0,12.2,6.6,45.7,44.3,68.0,32.0,68.5,31.5,64.889,79.296,81.69,1.724,30.424,70.1,73.5,1.106,0.996,25.215,1.9,42,58,28,39,99,37,217,187,112,264,63,29,29,63,277,93,47,178,71,44,17,286,39,62,303,335,29,314,2,24,270,95,268,280,71,47,82,washington st.,1450.0,1450,2024,1780.876487546241,2024,W07
2024,CUSA,western kentucky,15,0,75.4183,1,75.1443,1,104.938,187,105.552,191,98.5188,32,102.489,103,3.06263,132,3.401,105.196,101.795,0.593,30,19,11,63.33333333,51.9,48.3,32.9,33.4,18.3,18.6,28.5,73.3,26.7,71.5,75.4,52.1,48.3,34.4,32.2,8.5,9.7,44.5,48.1,69.0,31.0,59.9,40.1,75.058,77.312,80.009,2.412,32.318,71.9,68.5,1.049,0.985,9.879,-6.6,132,175,108,132,113,69,177,205,277,83,192,82,82,192,2,105,87,152,82,216,226,312,113,47,317,81,283,1,145,192,56,89,195,23,189,32,302,western kentucky,1443.0,1443,2024,1606.1020056389498,2024,Z15
2024,B10,wisconsin,5,0,65.7697,316,65.1538,307,113.142,33,120.06,13,104.746,176,99.4602,47,20.6003,17,21.028,119.811,98.783,0.902,35,22,13,62.85714286,52.4,52.2,33.5,33.2,14.6,16.9,30.5,75.5,24.5,69.5,65.8,52.6,50.4,34.8,37.1,4.5,10.7,47.7,47.2,64.6,35.4,65.6,34.4,64.959,78.442,82.072,1.974,52.194,75.9,72.5,1.129,1.052,37.153,3.3,18,13,54,19,84,277,160,198,41,185,120,21,21,120,316,93,178,137,346,356,291,250,94,136,228,287,77,312,20,12,192,50,40,226,38,188,4,wisconsin,1458.0,1458,2024,1885.38570579397,2024,Z05
2024,Ivy,yale,13,0,65.6179,321,64.5226,327,110.425,75,110.825,89,102.165,100,101.352,90,9.47275,84,9.732,109.787,100.055,0.744,29,20,9,68.96551724,52.3,49.7,26.9,29.0,14.1,16.0,28.4,76.0,24.0,71.6,65.6,52.5,48.8,34.6,34.0,10.0,8.6,53.3,57.3,64.7,35.3,58.6,41.4,64.628,78.197,80.485,1.91,9.096,70.7,73.8,1.102,1.021,16.194,-2.5,84,95,79,85,88,134,333,88,20,255,196,14,14,196,324,95,106,145,198,138,124,107,328,134,234,55,310,324,34,125,211,191,250,292,79,100,146,yale,1463.0,1463,2024,1703.8873457420464,2024,W13
